appnameenc,averageDuration
2,353.83073734479467
1,514.5856189791517
